timestamp,latitude,longitude,wave_height_m,wave_period_s,wind_speed_kmh,current_speed_kmh,visibility_km,vessel_density,incident_history_score,risk_index
2025-01-01 00:00:00,33.36350297118406,-83.80845887283505,1.61,11.7,27.2,5.0,13.8,87,4,52.0
2025-01-01 01:00:00,47.767857660247905,-93.3703143856969,3.75,11.2,26.0,4.63,16.1,72,7,47.8
2025-01-01 02:00:00,42.29984854528513,-106.73787063910666,5.74,5.3,82.0,3.53,5.8,34,8,69.1
2025-01-01 03:00:00,38.96646210492592,-76.98609383729003,4.89,9.4,26.2,5.75,12.9,50,9,41.8
2025-01-01 04:00:00,27.900466011060914,-84.60086081932113,5.34,9.9,28.1,1.36,11.9,83,4,52.5
2025-01-01 05:00:00,27.899863008405067,-115.40560057865142,4.45,10.2,69.5,0.83,16.8,36,5,59.5
2025-01-01 06:00:00,25.452090304204987,-71.25529611486328,4.65,12.5,43.2,5.15,18.2,105,0,70.2
2025-01-01 07:00:00,45.654403644373375,-76.47030266753302,5.6,11.9,71.0,2.75,1.2,80,6,78.3
2025-01-01 08:00:00,39.02787529358022,-68.96180511577649,2.0,12.9,10.6,5.11,13.8,110,3,50.6
2025-01-01 09:00:00,41.70181444490114,-82.18254900508677,3.44,14.9,46.4,5.38,2.0,94,1,67.4
2025-01-01 10:00:00,24.514612357395063,-88.8085034397884,1.83,15.6,7.9,0.56,11.4,118,4,49.6
2025-01-01 11:00:00,48.247746304049855,-100.32366085885349,6.43,14.3,10.3,5.32,6.5,56,2,34.6
2025-01-01 12:00:00,44.81106602001054,-69.96901948211323,6.16,17.4,82.0,2.8,6.8,7,5,59.0
2025-01-01 13:00:00,29.308477766956905,-73.9022305194759,0.74,5.2,16.8,3.16,7.7,78,7,41.2
2025-01-01 14:00:00,28.545624180177516,-122.33209846373482,4.73,7.5,50.3,3.83,12.8,94,6,70.7
2025-01-01 15:00:00,28.585112746335845,-123.44434850466213,6.05,5.1,39.9,5.57,7.3,116,2,73.8
2025-01-01 16:00:00,31.60605607398844,-102.78866135419507,1.58,13.4,34.5,0.31,14.9,93,7,56.6
2025-01-01 17:00:00,37.11891079080595,-77.17735348387185,3.91,16.7,81.5,2.97,8.7,109,1,93.2
2025-01-01 18:00:00,34.7986254660529,-66.75070837041827,5.99,8.2,6.9,4.19,2.3,19,9,19.1
2025-01-01 19:00:00,31.28072850495105,-116.12540342489184,0.7,17.1,61.4,4.39,15.9,102,8,77.4
2025-01-01 20:00:00,39.296322368059485,-89.94628779422402,4.68,5.8,86.9,4.22,6.4,52,3,77.3
2025-01-01 21:00:00,27.487346516301045,-102.52743945876973,2.28,17.1,52.6,0.98,9.2,118,0,76.6
2025-01-01 22:00:00,31.303616213380455,-67.77505052893841,6.05,9.6,84.6,1.94,14.0,11,7,61.7
2025-01-01 23:00:00,33.15904608234229,-75.31498353499319,6.33,6.3,9.4,2.28,7.3,48,6,30.1
2025-01-02 00:00:00,35.4017496054259,-75.53860642204288,6.17,11.3,40.6,4.87,2.1,16,4,38.2
2025-01-02 01:00:00,43.62939903482534,-97.34710357209676,3.35,8.3,27.1,1.82,8.1,63,9,43.8
2025-01-02 02:00:00,28.991844553958995,-100.52564936207776,5.67,8.7,67.1,1.42,18.9,41,4,61.1
2025-01-02 03:00:00,36.855860960340294,-108.86898275608833,5.57,9.0,88.4,5.75,13.2,93,6,94.9
2025-01-02 04:00:00,38.81036422155106,-121.6738456975953,2.41,15.4,26.8,0.25,13.8,28,4,28.8
2025-01-02 05:00:00,25.161260317999943,-73.98137980095186,5.47,12.0,60.6,5.99,13.0,18,7,51.3
2025-01-02 06:00:00,39.18862129753596,-77.03884046132542,0.72,9.0,21.8,4.13,4.8,109,5,55.6
2025-01-02 07:00:00,28.263103092182288,-66.0166572761183,4.08,12.9,53.1,5.01,8.9,10,4,41.9
2025-01-02 08:00:00,25.62628982463199,-66.19842661263958,1.88,14.3,44.4,1.91,15.3,97,8,65.2
2025-01-02 09:00:00,47.722138431333335,-92.22952936944498,1.22,8.5,87.6,0.28,2.9,49,1,71.6
2025-01-02 10:00:00,48.14080082686398,-79.62974250434988,0.96,10.4,56.7,4.48,6.3,70,0,62.3
2025-01-02 11:00:00,44.20993370291153,-69.25882193693676,4.68,6.6,34.7,5.04,6.3,107,7,66.7
2025-01-02 12:00:00,31.61534422933427,-74.87080395003272,2.54,7.4,14.7,4.49,9.2,57,2,33.9
2025-01-02 13:00:00,26.441802850159597,-110.40646199715134,4.85,13.9,17.9,1.03,19.6,33,6,28.0
2025-01-02 14:00:00,41.10582566280392,-98.41789601670447,0.89,7.4,24.2,4.57,2.3,19,9,25.4
2025-01-02 15:00:00,35.00381234349003,-117.37959450606179,2.39,11.8,26.3,4.66,10.9,49,7,38.6
2025-01-02 16:00:00,27.05095587111947,-68.71098939173538,3.74,14.2,77.3,4.02,4.4,101,5,88.6
2025-01-02 17:00:00,36.37942275278176,-89.23569656739808,5.24,6.4,52.7,4.64,19.4,87,9,70.8
2025-01-02 18:00:00,24.85971302788046,-111.5100744752957,2.41,12.4,49.5,5.11,3.2,9,8,38.5
2025-01-02 19:00:00,46.73301005196955,-85.36965962005445,4.26,8.3,14.8,3.76,8.7,31,6,26.2
2025-01-02 20:00:00,30.469499540000424,-88.53043381298414,5.82,17.5,78.1,0.71,15.0,51,9,71.7
2025-01-02 21:00:00,40.56305710884955,-103.8683996360624,4.2,11.3,66.4,3.03,14.4,14,4,50.4
2025-01-02 22:00:00,31.792776902235275,-118.30010206022189,1.9,15.5,10.8,0.65,9.0,100,7,45.3
2025-01-02 23:00:00,37.00170052944527,-85.37718146002481,0.65,12.2,65.2,2.56,7.6,83,1,71.0
2025-01-03 00:00:00,37.667756983581995,-94.3018456466762,5.72,5.6,51.2,2.56,8.6,2,6,38.3
2025-01-03 01:00:00,28.621361388138176,-79.43321488759727,0.63,13.2,11.9,0.58,6.0,36,3,21.3
2025-01-03 02:00:00,48.239615694113965,-94.3103534343924,5.75,17.4,44.0,2.22,4.9,39,8,47.4
2025-01-03 03:00:00,43.37832058402786,-74.72129148120612,3.67,12.8,46.2,0.84,10.2,71,0,56.9
2025-01-03 04:00:00,47.48747353910473,-92.43749651230536,6.13,15.6,19.1,4.89,6.1,39,6,33.8
2025-01-03 05:00:00,46.37068376069122,-91.90465967941222,5.29,16.5,85.4,5.7,6.5,107,5,97.7
2025-01-03 06:00:00,38.94749947027713,-73.27743744315765,6.49,8.0,77.2,0.62,13.5,55,7,72.9
2025-01-03 07:00:00,47.04685587557792,-101.19451089346857,2.6,7.8,61.9,5.74,19.4,22,4,50.6
2025-01-03 08:00:00,26.212312551297988,-117.0931015214122,5.1,12.9,44.3,3.23,12.5,103,0,69.6
2025-01-03 09:00:00,28.89957156047863,-123.301822097513,2.91,10.3,40.0,1.94,2.5,10,0,31.0
2025-01-03 10:00:00,25.13068222276345,-80.44690191525648,3.38,15.9,60.3,0.65,2.4,109,8,79.7
2025-01-03 11:00:00,32.13325826908161,-88.40173647014558,4.27,16.7,51.4,3.1,19.1,63,9,59.8
2025-01-03 12:00:00,33.71693224223705,-83.45929368214581,5.74,9.6,10.3,4.81,6.6,7,5,16.5
2025-01-03 13:00:00,30.783725794347397,-112.43511447097427,6.4,8.1,48.6,4.3,2.7,92,9,70.9
2025-01-03 14:00:00,44.718437728798236,-116.95408294038059,5.11,15.1,73.5,0.49,12.4,93,4,82.8
2025-01-03 15:00:00,32.918833167339734,-124.14186472559497,3.01,8.6,44.0,0.62,12.8,55,0,49.1
2025-01-03 16:00:00,31.023362742184517,-104.31533403041078,3.03,15.7,9.4,2.54,13.3,59,5,31.3
2025-01-03 17:00:00,37.56740207895621,-90.19485647557664,4.93,10.5,71.8,1.91,6.1,9,5,52.1
2025-01-03 18:00:00,27.523105624369066,-101.85760133911579,1.93,13.7,22.1,1.55,1.3,38,2,29.6
2025-01-03 19:00:00,44.054924518850996,-99.18897960059999,1.16,6.2,27.0,1.83,19.3,27,7,28.7
2025-01-03 20:00:00,25.863766091994272,-71.65463702486883,2.63,13.1,19.0,4.86,5.8,48,0,33.3
2025-01-03 21:00:00,48.672173415012935,-104.45292744562528,2.22,10.9,33.1,5.59,13.8,35,0,37.1
2025-01-03 22:00:00,43.306119232416435,-94.67462013957116,2.28,12.6,69.3,2.55,14.4,12,5,49.7
2025-01-03 23:00:00,28.96789203835431,-78.76447224827257,1.9,7.2,49.1,5.46,12.6,95,9,69.1
2025-01-04 00:00:00,24.13805292809006,-101.60397584304506,0.75,14.6,22.4,2.06,6.9,35,0,27.7
2025-01-04 01:00:00,44.386535711370854,-88.29688468655547,0.61,16.2,79.6,2.96,6.2,100,5,86.5
2025-01-04 02:00:00,41.671433596190425,-74.12054118394204,6.43,7.8,79.8,1.51,12.4,25,0,63.1
2025-01-04 03:00:00,42.22517920102469,-68.97828320419912,3.07,6.2,79.0,3.91,17.5,85,5,83.2
2025-01-04 04:00:00,43.281758667148644,-116.32266462518676,2.81,5.3,25.3,5.88,19.0,3,2,21.7
2025-01-04 05:00:00,25.85111629335226,-70.33133011547183,4.58,13.3,43.4,3.7,3.0,94,7,66.5
2025-01-04 06:00:00,32.96164321360681,-95.96513870830725,1.81,12.9,88.7,2.28,3.9,81,5,85.8
2025-01-04 07:00:00,26.896726488128245,-109.76358109036146,6.2,12.1,70.6,3.96,18.9,63,0,72.3
2025-01-04 08:00:00,45.57758564688984,-97.91099038194258,5.22,8.0,7.3,0.91,15.0,37,4,23.0
2025-01-04 09:00:00,39.58245317068895,-67.17807805815686,1.04,10.1,10.5,5.35,17.8,87,7,42.0
2025-01-04 10:00:00,32.27245062131623,-95.9355324544207,3.01,12.7,44.4,3.12,4.9,119,2,73.9
2025-01-04 11:00:00,25.588958757150593,-105.60365499303701,5.77,11.5,82.3,2.81,12.2,86,5,87.3
2025-01-04 12:00:00,31.774558042891556,-87.62934959531319,6.17,17.8,50.8,3.6,14.3,21,4,45.5
2025-01-04 13:00:00,32.12958305066868,-110.83140849208661,3.3,6.8,47.3,3.82,13.9,1,5,34.0
2025-01-04 14:00:00,42.2401544584516,-120.52406364158882,4.18,14.0,14.0,0.62,8.8,30,9,24.1
2025-01-04 15:00:00,39.93893678388033,-117.3960964072717,1.5,10.3,60.8,4.16,1.3,118,0,82.4
2025-01-04 16:00:00,46.18031856440817,-117.44529550149143,6.45,10.6,74.9,1.6,12.1,10,6,55.6
2025-01-04 17:00:00,35.80537312904873,-116.03774108277463,1.89,14.3,37.3,4.34,5.8,91,8,59.9
2025-01-04 18:00:00,26.98985614845754,-116.8091968136848,6.16,14.0,70.9,4.97,9.6,45,1,66.6
2025-01-04 19:00:00,41.83111968057487,-87.18839005661033,4.4,17.9,87.0,4.86,19.2,95,9,93.7
2025-01-04 20:00:00,43.019626215422434,-114.26907502045046,4.15,6.7,22.3,3.4,8.6,61,4,41.0
2025-01-04 21:00:00,38.03192993923741,-104.60563028389207,3.58,6.4,49.5,3.22,17.0,68,9,59.9
2025-01-04 22:00:00,43.27417949886403,-72.0894838155453,1.88,14.4,29.4,1.03,4.6,63,3,42.8
2025-01-04 23:00:00,36.34488990910977,-97.03626322449054,1.56,12.5,72.4,4.7,13.8,101,5,84.1
2025-01-05 00:00:00,37.06832073454985,-85.6140934272594,1.82,8.6,54.1,1.77,19.6,9,5,38.8
2025-01-05 01:00:00,34.68852545896374,-114.83312759910385,1.62,6.0,58.9,3.08,2.9,39,1,52.4
2025-01-05 02:00:00,24.63547816860238,-113.65494789028843,5.18,6.1,72.8,1.85,1.2,109,1,88.5
2025-01-05 03:00:00,26.69728567483261,-122.58875164027775,2.6,16.6,38.7,0.98,9.2,23,3,34.6
2025-01-05 04:00:00,24.785729642168356,-115.0328312787423,0.85,7.5,82.8,3.85,2.8,98,0,87.7
2025-01-05 05:00:00,39.91026028159451,-108.56316999711444,6.31,9.2,50.3,0.52,15.2,43,8,52.3
2025-01-05 06:00:00,31.858899526908168,-114.55638142767194,5.8,7.9,18.4,4.54,18.4,111,6,58.9
2025-01-05 07:00:00,36.71426727911757,-119.76655050833372,6.07,9.6,64.2,2.04,9.2,59,6,66.7
2025-01-05 08:00:00,46.689161848152324,-117.88248360506455,6.47,5.9,72.4,0.2,5.9,61,2,71.3
2025-01-05 09:00:00,30.232305728721872,-97.81405268606918,1.54,11.7,31.9,3.16,9.3,86,2,53.3
2025-01-05 10:00:00,34.25957307589074,-112.82631061405824,2.88,5.9,77.9,0.47,14.7,16,0,55.3
2025-01-05 11:00:00,42.888778463576216,-103.50807819816355,5.05,15.4,82.0,1.8,1.2,64,2,77.7
2025-01-05 12:00:00,29.71995413729056,-95.29838101956344,4.68,8.0,28.5,4.3,12.2,118,2,66.0
2025-01-05 13:00:00,25.924497745719826,-84.26670511086745,1.42,12.0,88.6,0.56,12.7,94,3,89.0
2025-01-05 14:00:00,31.2437863228442,-122.68058374937516,5.39,16.4,17.0,5.07,13.1,94,3,51.5
2025-01-05 15:00:00,28.03053218135011,-77.83478646436649,1.85,13.5,22.2,0.22,5.6,105,2,53.1
2025-01-05 16:00:00,47.242441308564324,-87.95387702003644,1.84,11.9,20.7,1.63,14.6,56,9,36.1
2025-01-05 17:00:00,44.20300948911043,-120.17621711501656,3.72,9.2,81.0,4.5,2.7,54,7,74.3
2025-01-05 18:00:00,39.835093912760584,-73.45886117770014,4.06,9.3,60.6,2.03,4.8,105,7,79.5
2025-01-05 19:00:00,45.786514754692945,-70.66852836862302,3.98,13.7,17.9,0.79,17.7,52,0,33.3
2025-01-05 20:00:00,44.09180192247786,-121.39640036856304,1.05,17.9,42.4,2.29,15.0,55,6,48.0
2025-01-05 21:00:00,28.664251472150895,-108.66421875931498,5.76,13.6,57.3,1.77,1.3,97,1,75.3
2025-01-05 22:00:00,46.313974962249446,-77.43412449220938,2.09,12.3,12.1,5.09,5.7,8,0,14.4
2025-01-05 23:00:00,37.48355604789127,-80.85267826736415,1.28,14.5,80.0,2.02,5.1,21,2,58.0
2025-01-06 00:00:00,44.18600387910156,-114.11325985797373,5.83,11.0,73.3,4.78,6.1,12,3,56.0
2025-01-06 01:00:00,46.40228249808733,-112.64838992313409,6.23,5.8,47.9,5.37,5.7,88,5,69.0
2025-01-06 02:00:00,31.950086874296595,-103.14214593530846,5.67,12.3,87.2,2.72,2.2,47,9,76.5
2025-01-06 03:00:00,26.75129811319192,-96.41314387372974,5.36,17.4,40.5,5.48,9.7,17,4,38.1
2025-01-06 04:00:00,29.698379063548543,-88.52296847971255,4.43,7.3,88.6,2.39,14.9,114,3,99.6
2025-01-06 05:00:00,34.67769471565641,-103.23409526538343,3.81,14.0,61.8,5.79,12.5,75,7,71.0
2025-01-06 06:00:00,44.45036914806233,-97.71045174814427,1.02,7.6,58.9,0.72,13.8,39,3,51.0
2025-01-06 07:00:00,45.51826458140859,-80.89921465010836,2.95,12.0,19.1,4.18,2.5,16,9,22.8
2025-01-06 08:00:00,24.17380326327977,-122.83569102945472,2.74,6.3,80.0,3.06,19.1,14,1,57.0
2025-01-06 09:00:00,36.768682564439146,-110.10622028370278,2.06,10.9,41.3,2.45,16.9,105,2,65.9
2025-01-06 10:00:00,34.43527507871947,-82.9123744328114,4.84,14.8,18.8,3.87,16.3,14,5,22.9
2025-01-06 11:00:00,29.552695261768257,-72.18279657645525,3.48,9.5,6.1,4.28,16.6,78,7,37.6
2025-01-06 12:00:00,26.99663418334207,-94.8110309151757,0.99,13.6,52.6,0.23,18.7,62,7,55.8
2025-01-06 13:00:00,32.4403792850907,-93.60530436934638,1.82,15.3,49.8,1.17,11.3,118,8,75.6
2025-01-06 14:00:00,47.572742597812976,-118.67685133095321,4.6,17.1,66.1,4.34,4.8,38,6,60.1
2025-01-06 15:00:00,32.08007330051888,-98.60267035741617,0.96,8.1,80.7,4.07,12.7,12,1,55.7
2025-01-06 16:00:00,36.96976554358415,-93.57558127915364,5.61,10.2,11.7,5.8,15.1,80,7,44.2
2025-01-06 17:00:00,41.57547397237944,-110.69424028555095,3.47,7.0,67.2,4.61,15.0,31,6,57.4
2025-01-06 18:00:00,33.09074005948235,-109.11464937398652,3.38,17.9,20.9,5.71,10.9,8,7,21.9
2025-01-06 19:00:00,48.29455206802402,-102.74023437682726,4.05,17.1,77.9,4.27,2.3,39,2,66.6
2025-01-06 20:00:00,48.06118237355278,-123.81579933111415,5.45,12.0,74.6,1.93,8.1,19,6,57.9
2025-01-06 21:00:00,30.294557395634104,-105.99732923059248,2.59,15.9,51.0,0.81,18.5,89,9,66.4
2025-01-06 22:00:00,36.431212647309636,-112.52456758720386,4.57,11.8,65.4,4.73,12.1,90,8,78.9
2025-01-06 23:00:00,31.521957745419243,-105.67765622150304,3.89,13.1,31.7,3.94,11.2,84,2,54.8
2025-01-07 00:00:00,31.12101235943669,-117.93403422266418,2.1,6.2,45.0,0.48,6.1,81,9,59.4
2025-01-07 01:00:00,24.92217368386332,-72.4588904363462,5.77,14.8,74.8,2.29,8.0,76,5,78.9
2025-01-07 02:00:00,39.23910834949742,-89.97804524031113,5.28,6.7,44.0,5.75,18.0,79,1,62.3
2025-01-07 03:00:00,36.56697558072154,-84.93296317047512,4.45,15.7,35.4,3.1,13.7,72,1,52.6
2025-01-07 04:00:00,25.286968781249733,-78.43889692216703,5.6,15.2,47.0,2.71,16.0,62,4,57.1
2025-01-07 05:00:00,30.966161605915286,-95.59191026318562,5.7,14.2,75.4,2.85,9.6,75,4,79.0
2025-01-07 06:00:00,46.70664714916634,-119.871703002842,4.75,5.5,33.5,1.41,13.0,43,6,41.1
2025-01-07 07:00:00,29.989047266674312,-93.31071403270568,5.52,8.9,19.8,2.34,5.7,37,1,31.1
2025-01-07 08:00:00,27.622371802280576,-90.37637403676814,4.68,8.4,65.5,2.34,14.4,82,6,74.7
2025-01-07 09:00:00,36.23631900693908,-81.01907102312452,4.58,9.7,75.2,0.5,9.1,59,4,71.1
2025-01-07 10:00:00,48.641261352765014,-99.53208677244892,4.21,6.1,13.6,4.65,9.4,70,5,39.8
2025-01-07 11:00:00,30.05138178778751,-117.47276213506174,5.02,17.2,25.4,2.62,13.3,98,7,57.0
2025-01-07 12:00:00,40.80338868514696,-108.25722155787525,1.45,12.2,17.1,4.97,18.8,47,9,31.9
2025-01-07 13:00:00,43.04049038321794,-103.57814451248053,5.79,9.0,34.6,5.13,2.2,17,3,34.6
2025-01-07 14:00:00,29.940938599809993,-86.89088276143553,5.73,10.2,43.3,1.43,16.7,15,6,37.7
2025-01-07 15:00:00,42.205408715296485,-91.3240800245342,0.68,10.8,68.7,4.01,6.6,54,5,63.9
2025-01-07 16:00:00,33.19457831798133,-103.99029317202707,5.45,12.8,60.3,2.94,9.4,38,9,57.0
2025-01-07 17:00:00,39.807645764839485,-66.7956003212142,1.27,11.7,57.8,5.3,1.4,67,1,62.7
2025-01-07 18:00:00,39.838242769022365,-89.25928565794365,2.51,17.0,35.0,1.45,6.7,58,7,45.6
2025-01-07 19:00:00,37.394367101868966,-111.00361928757633,4.96,11.5,76.5,4.13,10.5,88,9,85.0
2025-01-07 20:00:00,26.257244251360206,-118.99483411539617,1.46,17.9,45.1,3.72,2.1,95,8,65.4
2025-01-07 21:00:00,44.88256238973095,-115.9813107881244,5.41,16.1,88.2,1.91,10.3,61,4,81.0
2025-01-07 22:00:00,32.0195016242934,-110.48849402531403,5.49,7.7,58.9,0.99,18.6,103,9,78.7
2025-01-07 23:00:00,28.662962759996354,-115.51979897768622,3.54,17.1,15.7,3.98,3.0,12,3,19.0
2025-01-08 00:00:00,25.0193785388691,-113.99254558097296,0.54,6.5,62.5,4.48,15.5,108,5,79.7
2025-01-08 01:00:00,38.77232357970605,-108.17938504706302,2.22,15.6,32.6,2.03,8.8,80,7,52.1
2025-01-08 02:00:00,40.939109046057055,-114.77095787760946,4.2,9.9,63.3,3.94,13.4,112,2,84.1
2025-01-08 03:00:00,24.414695723196402,-72.0908399470409,6.39,16.4,10.9,2.49,5.9,100,9,50.3
2025-01-08 04:00:00,36.802326457482025,-120.2662090059631,4.29,16.3,19.9,4.34,4.0,5,0,19.5
2025-01-08 05:00:00,29.66239437994845,-94.05382801535498,2.06,15.5,77.7,1.36,4.0,82,3,79.0
2025-01-08 06:00:00,40.12931976023624,-100.78658720760997,4.3,15.3,24.3,5.36,2.3,76,3,48.6
2025-01-08 07:00:00,28.359160725124788,-67.03966160239221,3.74,9.0,76.1,1.87,4.5,59,0,71.1
2025-01-08 08:00:00,41.27344345256165,-118.38970477208491,5.18,6.1,28.7,2.33,13.6,89,8,55.8
2025-01-08 09:00:00,33.66838365751343,-101.52651965630125,1.14,10.2,59.6,0.54,17.8,13,2,42.0
2025-01-08 10:00:00,47.418249718418366,-67.80124443675324,5.07,7.3,64.0,0.85,16.5,94,4,77.5
2025-01-08 11:00:00,27.43802360364983,-73.93507957225516,3.75,14.0,48.6,3.19,14.0,53,5,53.6
2025-01-08 12:00:00,32.52665877625646,-76.79274781399249,6.28,9.5,31.0,1.75,3.1,3,7,26.7
2025-01-08 13:00:00,26.83683803101473,-109.78373320434855,2.55,17.7,23.1,5.05,6.5,38,5,32.8
2025-01-08 14:00:00,47.11734045696407,-114.91763234398611,4.3,13.3,7.8,0.29,6.9,71,2,34.3
2025-01-08 15:00:00,45.93348383452452,-85.55005002445857,6.09,15.7,30.8,2.4,5.7,24,5,34.1
2025-01-08 16:00:00,30.44854069287889,-70.16681664147244,1.12,6.7,60.5,2.16,10.8,76,0,65.8
2025-01-08 17:00:00,40.499601150854474,-92.15098931217814,6.12,16.2,84.8,0.31,11.2,31,3,67.8
2025-01-08 18:00:00,44.4305550050304,-91.27485132127592,4.63,17.0,79.1,0.92,7.8,58,5,73.4
2025-01-08 19:00:00,37.88002028998656,-108.48123347404324,0.91,11.3,70.1,2.6,7.7,101,6,81.3
2025-01-08 20:00:00,37.24126445890016,-79.59991694167573,2.31,12.9,72.0,3.06,16.7,62,9,70.2
2025-01-08 21:00:00,30.046307272511292,-113.96441883510612,4.75,14.9,61.5,2.54,16.0,37,2,55.8
2025-01-08 22:00:00,26.32756919514748,-105.90292505214963,0.9,7.3,27.1,3.28,6.8,119,8,62.5
2025-01-08 23:00:00,46.43039394883317,-99.89925012163141,3.99,11.5,82.1,3.65,18.4,91,6,88.0
2025-01-09 00:00:00,46.51045142908326,-95.05098765761716,2.58,10.2,62.0,0.26,19.1,52,0,58.3
2025-01-09 01:00:00,39.827536431831696,-110.69782578751027,4.23,6.9,52.6,2.89,7.2,93,1,70.2
2025-01-09 02:00:00,32.47574477621752,-118.22462734038699,0.77,9.8,14.4,5.79,7.7,66,0,35.9
2025-01-09 03:00:00,32.73023936531652,-88.97341749594368,5.73,5.9,43.0,3.21,10.6,27,8,42.9
2025-01-09 04:00:00,42.14889197175599,-107.97079735882491,6.34,5.3,44.1,4.13,18.9,2,8,35.5
2025-01-09 05:00:00,46.42775649881443,-90.70694493606587,6.31,6.8,78.5,2.01,17.7,108,6,93.2
2025-01-09 06:00:00,46.177160606627936,-115.89259979882206,5.0,17.5,51.5,4.69,2.9,117,9,80.7
2025-01-09 07:00:00,43.496888646440595,-96.61273399056577,1.28,12.1,37.3,4.68,8.5,97,2,61.0
2025-01-09 08:00:00,40.05079115385719,-93.57722347945644,5.05,17.6,88.0,3.22,11.5,79,4,87.7
2025-01-09 09:00:00,26.103499124876222,-121.94241132747682,0.65,10.6,14.4,5.86,10.6,21,3,20.0
2025-01-09 10:00:00,28.040717852365344,-105.14034758655869,0.63,9.1,40.9,0.93,4.7,95,6,60.6
2025-01-09 11:00:00,46.463854713176985,-117.06953406060052,2.44,11.6,8.6,0.3,17.3,37,8,21.7
2025-01-09 12:00:00,39.16072649148975,-121.2608767421067,3.43,10.7,67.9,4.67,13.9,71,1,71.7
2025-01-09 13:00:00,24.22992629041574,-66.59234628899324,5.12,6.4,83.0,4.88,16.9,118,7,100.0
2025-01-09 14:00:00,26.536788571650803,-105.98112314649134,4.6,13.3,28.8,0.9,17.3,71,8,48.2
2025-01-09 15:00:00,40.5875442277014,-77.21740769457654,3.18,7.8,78.0,1.74,15.2,61,9,73.5
2025-01-09 16:00:00,24.126539596155467,-109.97620136893794,2.14,13.1,29.8,0.3,9.3,56,9,41.1
2025-01-09 17:00:00,28.020201285437466,-84.79133938878817,6.48,13.5,82.4,1.9,12.6,5,8,58.7
2025-01-09 18:00:00,37.71834473416465,-80.1465562665085,3.06,7.0,69.1,4.68,4.0,77,9,75.2
2025-01-09 19:00:00,41.297379942317335,-89.85731430413719,3.21,5.8,73.4,3.2,13.8,31,6,60.3
2025-01-09 20:00:00,40.29903148756502,-97.17700487554066,1.48,15.1,6.5,2.22,4.4,98,8,42.5
2025-01-09 21:00:00,29.606732736513994,-100.70138606531115,5.27,11.0,86.8,2.36,14.2,9,8,62.0
2025-01-09 22:00:00,41.8044805336884,-104.41677227396328,4.66,5.8,66.8,0.21,5.4,2,2,45.1
2025-01-09 23:00:00,29.931227187420003,-70.15778048937827,1.82,17.9,30.9,1.94,3.2,58,3,42.3
2025-01-10 00:00:00,32.134992453981695,-75.99345494052397,0.99,5.8,75.5,3.95,4.1,75,1,75.3
2025-01-10 01:00:00,42.662285127950604,-68.06341227067576,4.58,14.0,28.9,5.85,1.0,48,9,42.4
2025-01-10 02:00:00,40.24082247618037,-117.66646381435287,4.43,17.8,79.2,5.11,14.7,58,2,75.0
2025-01-10 03:00:00,45.23058526235445,-81.87881896298498,2.14,8.1,14.6,0.34,14.9,30,4,22.0
2025-01-10 04:00:00,40.44032230750858,-69.63791304755877,6.21,6.8,64.8,5.41,10.8,92,4,80.5
2025-01-10 05:00:00,38.20771508338679,-114.30724909622606,1.41,6.6,51.0,4.74,4.1,68,5,59.3
2025-01-10 06:00:00,26.341869195702312,-121.07672022536013,3.09,8.9,13.2,4.73,2.6,61,6,35.5
2025-01-10 07:00:00,33.19289507648584,-81.27388169188652,6.16,6.3,25.6,2.86,1.4,51,6,41.1
2025-01-10 08:00:00,30.630059192043134,-91.1060863223852,3.02,14.0,6.1,2.51,4.1,88,0,39.2
2025-01-10 09:00:00,30.09974108447709,-75.33210217126195,4.33,5.8,44.8,1.96,17.9,40,1,46.1
2025-01-10 10:00:00,48.325263868811135,-116.75342977904891,2.89,11.6,30.6,0.58,5.6,30,8,32.9
2025-01-10 11:00:00,33.82744311666901,-78.07922860026648,2.15,18.0,55.9,1.52,7.7,84,9,67.5
2025-01-10 12:00:00,46.30116387942783,-113.10398811718308,6.4,15.6,30.3,1.63,3.0,83,1,54.5
2025-01-10 13:00:00,39.778465649931576,-115.34429937092344,2.96,13.0,30.5,3.01,5.2,102,5,59.7
2025-01-10 14:00:00,43.870282588541215,-115.30831792207141,5.86,9.0,68.2,4.54,10.9,21,0,55.7
2025-01-10 15:00:00,36.5659273276298,-76.94009150634847,1.88,13.1,9.1,2.95,12.5,3,2,9.8
2025-01-10 16:00:00,38.422597115658974,-85.7533639789242,1.78,11.9,81.7,0.54,5.7,12,1,55.3
2025-01-10 17:00:00,36.3129423454716,-94.13913993862195,0.69,10.5,77.4,5.76,2.1,44,2,66.0
2025-01-10 18:00:00,28.881074694951113,-103.82900143671336,4.41,6.7,61.8,5.67,8.4,41,4,58.9
2025-01-10 19:00:00,42.06130288153763,-73.2451680920266,2.71,16.5,55.4,4.75,5.4,113,9,79.7
2025-01-10 20:00:00,31.019309061021396,-101.84573866206452,5.69,10.8,80.8,5.95,5.2,48,5,74.1
2025-01-10 21:00:00,24.607899160786346,-76.82063307117696,3.34,7.5,20.8,3.36,19.2,19,8,24.7
2025-01-10 22:00:00,40.13680739767919,-99.09104039435711,6.31,9.8,11.7,5.78,12.7,115,9,57.7
2025-01-10 23:00:00,28.427766985176223,-102.76027866393045,1.61,10.4,25.4,0.64,11.6,76,3,44.7
2025-01-11 00:00:00,47.51146460882286,-97.70189264549322,5.71,15.8,72.5,2.32,8.9,80,6,79.1
2025-01-11 01:00:00,47.84821442506468,-107.21870542431562,5.16,14.5,7.9,1.51,9.1,53,5,29.5
2025-01-11 02:00:00,46.871609755511216,-80.89104656960119,5.13,15.0,54.5,1.34,11.3,35,1,50.5
2025-01-11 03:00:00,33.25396750638611,-95.33949698454373,5.57,5.1,89.6,1.02,14.2,96,9,94.8
2025-01-11 04:00:00,24.386415413221684,-111.29945098633777,5.07,10.4,77.7,3.81,14.3,0,7,53.7
2025-01-11 05:00:00,47.20796406469313,-71.92510017680047,4.26,11.3,49.3,4.73,4.3,14,6,41.3
2025-01-11 06:00:00,34.70460370793286,-102.35041793898053,1.29,5.2,10.4,3.55,10.5,76,6,37.2
2025-01-11 07:00:00,48.16637047609174,-92.93038119427467,0.7,8.4,75.7,1.05,8.8,16,7,53.2
2025-01-11 08:00:00,48.09049942723132,-71.51814545309173,6.03,14.9,55.9,4.9,17.5,23,0,49.3
2025-01-11 09:00:00,45.325236386684,-88.16995824107447,4.2,6.8,14.8,3.89,13.0,57,0,34.9
2025-01-11 10:00:00,31.36122230173964,-118.10301559820653,5.28,12.0,13.0,2.45,11.1,71,7,39.9
2025-01-11 11:00:00,33.62744321504813,-69.54990470680497,3.39,7.8,82.3,4.11,3.2,113,3,95.4
2025-01-11 12:00:00,45.27841678792142,-87.96522486878635,1.2,5.2,61.9,1.71,12.5,90,4,72.0
2025-01-11 13:00:00,31.923050128906944,-105.24056873523192,1.25,8.1,75.5,2.2,3.2,108,7,87.3
2025-01-11 14:00:00,28.237318667152312,-116.78294771286015,4.61,17.7,79.7,5.52,7.4,22,4,62.9
2025-01-11 15:00:00,37.92003156145876,-78.15251383305254,3.08,15.4,53.6,1.88,3.7,45,9,53.0
2025-01-11 16:00:00,47.40386935401952,-88.41570740021771,1.7,17.5,49.0,2.93,14.1,71,3,58.3
2025-01-11 17:00:00,41.400744916874324,-93.52579557339703,3.45,11.3,41.6,5.36,4.9,7,5,33.6
2025-01-11 18:00:00,38.25152925223412,-72.2603375999935,0.89,6.4,31.9,4.3,8.4,58,4,43.4
2025-01-11 19:00:00,26.429412344269213,-78.47276453775268,3.99,12.1,41.9,0.56,18.0,89,6,61.6
2025-01-11 20:00:00,39.37518066747924,-116.05118209576769,2.11,10.9,70.8,1.05,4.9,110,9,85.6
2025-01-11 21:00:00,48.75134625260658,-106.60839800006265,5.29,16.0,56.2,0.25,10.6,58,6,60.0
2025-01-11 22:00:00,27.5021003809131,-110.33914075094653,2.36,6.3,80.9,3.86,9.0,12,3,57.2
2025-01-11 23:00:00,36.95824130909342,-81.10716873821207,3.23,11.3,42.7,2.8,1.3,38,4,43.9
2025-01-12 00:00:00,45.93432679819888,-123.02158635058902,0.57,7.0,56.6,0.98,16.1,100,2,71.3
2025-01-12 01:00:00,42.51921544385511,-91.37650859259233,0.93,9.2,58.7,5.76,2.3,112,3,79.6
2025-01-12 02:00:00,41.4253935248817,-80.01493754129926,2.85,14.6,55.3,3.27,10.0,27,3,47.3
2025-01-12 03:00:00,41.56210209967773,-73.27082743105677,3.38,11.2,64.7,1.6,11.7,88,2,74.5
2025-01-12 04:00:00,32.98727878049388,-104.81717682576146,4.1,9.9,25.2,3.1,12.9,60,9,42.8
2025-01-12 05:00:00,31.339796106612333,-76.54581902435123,2.25,10.1,48.6,4.14,14.1,15,4,39.0
2025-01-12 06:00:00,44.23402888696284,-118.47272751964277,4.67,11.0,13.9,0.64,5.8,118,4,55.6
2025-01-12 07:00:00,44.25283486697952,-75.05931478766342,5.66,15.2,37.7,1.79,1.2,1,6,29.4
2025-01-12 08:00:00,45.67680796450259,-117.47816892241303,5.18,16.6,46.5,4.88,14.7,117,3,77.2
2025-01-12 09:00:00,46.83101381391178,-101.56004985693833,0.74,17.4,60.4,2.87,11.2,81,3,67.9
2025-01-12 10:00:00,36.783559971523445,-77.95957341900635,3.38,15.2,85.8,3.37,16.9,16,8,62.8
2025-01-12 11:00:00,36.53790736717999,-116.15487178642235,1.13,9.1,56.1,2.71,16.6,29,5,47.0
2025-01-12 12:00:00,43.95737947416938,-111.47416768127415,1.95,13.9,68.2,0.45,17.0,102,3,80.0
2025-01-12 13:00:00,40.24909826944413,-82.3870984648091,6.42,10.7,48.0,1.16,10.2,12,1,39.3
2025-01-12 14:00:00,41.54917193144259,-82.5178443437816,1.35,8.3,58.9,2.78,7.3,95,5,72.8
2025-01-12 15:00:00,43.89481673590252,-87.17228965976746,3.49,15.9,11.0,1.41,16.0,113,1,51.1
2025-01-12 16:00:00,46.250133545439155,-84.0570417764411,4.21,5.5,26.6,0.49,9.6,92,4,53.4
2025-01-12 17:00:00,32.449878921288395,-92.97925784249182,4.71,16.7,35.8,5.09,4.5,109,5,67.9
2025-01-12 18:00:00,33.3895738159986,-110.1438555244898,3.86,11.0,45.2,5.89,17.2,93,3,67.2
2025-01-12 19:00:00,26.349548496021725,-104.60393638326875,0.56,13.3,8.9,4.8,17.8,81,2,37.6
2025-01-12 20:00:00,38.45700352490435,-114.28573470871589,2.46,13.6,16.9,5.15,9.9,12,6,19.8
2025-01-12 21:00:00,24.898556844918552,-71.40141688131592,3.61,16.6,28.5,1.6,2.4,42,1,36.2
2025-01-12 22:00:00,35.639950453311506,-90.5798841087989,1.03,13.3,87.6,5.77,8.4,84,5,87.2
2025-01-12 23:00:00,37.56611586768942,-101.34976641094525,2.6,13.0,33.2,1.34,16.3,93,3,56.7
2025-01-13 00:00:00,31.163531303207108,-97.74165758499618,0.7,5.9,46.0,5.72,18.1,20,5,38.8
2025-01-13 01:00:00,38.770831514225264,-69.11028296290289,0.97,11.7,21.7,5.97,4.9,111,3,57.1
2025-01-13 02:00:00,24.762506248476235,-115.95226721615127,2.88,7.0,56.9,4.33,2.3,54,3,58.6
2025-01-13 03:00:00,24.93370471873036,-90.41243991100896,1.3,14.6,28.9,5.89,17.7,80,3,50.5
2025-01-13 04:00:00,44.56501401649146,-95.15256794581651,3.91,11.7,22.6,3.5,8.4,39,8,33.6
2025-01-13 05:00:00,33.00476603528157,-88.92420010935578,4.64,13.8,48.9,1.71,11.3,82,6,64.4
2025-01-13 06:00:00,27.17651281629712,-123.9314991545704,5.3,5.5,5.5,2.73,19.4,115,2,50.8
2025-01-13 07:00:00,37.05608150137011,-73.54468937229507,1.7,6.1,5.7,3.64,2.3,14,2,11.9
2025-01-13 08:00:00,43.24983882746527,-70.00502133346687,1.5,14.3,23.6,0.62,13.3,72,5,42.3
2025-01-13 09:00:00,29.395525687421078,-91.65714216823667,1.13,5.9,8.1,3.81,2.4,51,5,26.7
2025-01-13 10:00:00,39.57226189547501,-83.89760139126335,4.32,5.9,14.2,5.89,8.1,73,3,41.7
2025-01-13 11:00:00,26.1336866248442,-70.57253651053955,4.74,5.2,33.8,1.3,16.3,107,8,64.5
2025-01-13 12:00:00,25.292043029215193,-83.27292057550949,0.69,17.4,73.2,4.8,9.2,94,3,81.2
2025-01-13 13:00:00,37.2838657892037,-116.00019646805858,6.12,14.6,53.6,5.47,19.9,52,8,59.7
2025-01-13 14:00:00,37.51587804025266,-90.99898675015802,0.81,9.6,48.6,5.67,11.6,86,3,64.0
2025-01-13 15:00:00,39.935747537455164,-89.20381226341149,3.75,8.9,29.9,5.77,7.1,51,1,42.4
2025-01-13 16:00:00,42.15228334306654,-99.97629039315922,4.75,9.5,84.2,3.22,5.2,29,1,66.8
2025-01-13 17:00:00,48.396301986563365,-81.54979009814136,5.73,15.1,38.7,5.87,7.7,32,4,42.9
2025-01-13 18:00:00,36.907508707529885,-69.87234612862812,4.78,13.6,12.4,4.59,8.1,56,3,34.2
2025-01-13 19:00:00,32.07391182353115,-70.3914577385002,5.31,7.4,57.5,1.14,2.3,51,6,58.7
2025-01-13 20:00:00,43.87965486921759,-98.4004770871562,2.54,7.3,14.7,2.97,8.0,8,4,15.8
2025-01-13 21:00:00,30.770806281551856,-118.31895529539544,5.39,6.3,34.3,4.37,9.8,53,5,47.0
2025-01-13 22:00:00,34.9742855176409,-66.89436926122227,0.98,13.6,48.1,1.63,14.7,110,9,71.3
2025-01-13 23:00:00,25.961409533556647,-75.50501289968989,5.87,14.9,79.3,3.92,13.5,0,3,54.9
2025-01-14 00:00:00,24.633768585386438,-117.64490180900725,3.79,8.4,47.0,4.07,14.5,43,1,49.0
2025-01-14 01:00:00,48.06621036694813,-70.67032892557503,5.4,5.3,64.7,1.14,1.2,98,9,80.4
2025-01-14 02:00:00,44.89950301280514,-73.67611463833444,3.21,6.1,89.4,3.48,5.1,74,8,85.8
2025-01-14 03:00:00,41.39935515234245,-94.38855462956175,4.36,17.6,16.2,4.68,13.6,97,9,51.7
2025-01-14 04:00:00,34.223823610356746,-90.11474929104918,3.66,8.8,28.4,3.09,10.2,79,6,50.9
2025-01-14 05:00:00,28.332358001771144,-101.45884047166231,4.89,15.0,38.5,0.27,1.1,8,3,30.6
2025-01-14 06:00:00,27.91092606677715,-121.76906330950015,0.99,13.1,40.9,0.25,16.3,31,2,37.0
2025-01-14 07:00:00,30.256072454114882,-105.22336274289185,0.86,10.0,39.9,2.27,15.7,14,9,31.9
2025-01-14 08:00:00,37.730666617653014,-77.63164653271733,1.98,7.7,82.1,5.57,11.4,11,2,57.9
2025-01-14 09:00:00,41.86489806750156,-124.72671064272843,1.46,6.6,65.7,1.53,2.3,96,8,77.1
2025-01-14 10:00:00,40.50493441794328,-105.3235488702225,5.73,13.0,56.7,3.88,15.6,108,4,80.2
2025-01-14 11:00:00,30.99834742364857,-101.50804707813434,1.82,15.1,31.3,1.49,12.1,77,2,49.1
2025-01-14 12:00:00,47.87163201657985,-93.29365942666254,6.36,13.4,75.0,2.07,15.9,56,4,72.1
2025-01-14 13:00:00,42.44742291739421,-70.72851863164713,2.52,11.9,86.2,5.12,15.3,7,1,59.1
2025-01-14 14:00:00,37.85885131278502,-104.56558633240829,1.59,5.5,74.8,4.43,16.3,71,3,74.4
2025-01-14 15:00:00,39.2930186558588,-104.52976108812257,5.24,17.6,5.1,0.75,10.8,26,9,18.3
2025-01-14 16:00:00,34.49000156069475,-81.48742636152485,4.45,15.4,59.1,2.69,3.7,61,1,62.7
2025-01-14 17:00:00,30.193274737528938,-98.31914148750138,3.49,8.8,9.3,0.37,13.8,11,1,12.8
2025-01-14 18:00:00,32.89931696628154,-111.74831544654106,3.83,17.7,26.9,2.99,12.8,64,7,44.8
2025-01-14 19:00:00,42.94615276160923,-98.30606854817108,4.82,12.8,10.1,4.04,15.1,106,0,50.3
2025-01-14 20:00:00,24.359837215743898,-116.68943579759181,1.87,12.6,56.3,0.89,4.2,103,6,73.7
2025-01-14 21:00:00,26.901816012672906,-114.59316779613283,6.48,14.7,63.4,1.88,4.7,41,4,59.7
2025-01-14 22:00:00,25.15006605054382,-95.59630140837069,6.35,15.6,14.7,2.51,17.9,61,7,38.2
2025-01-14 23:00:00,25.018220057974254,-100.28339847923168,4.4,13.5,37.6,5.53,15.2,114,0,70.1
2025-01-15 00:00:00,45.38651460027518,-71.0240918369821,1.7,6.7,43.8,5.96,18.3,10,6,35.0
2025-01-15 01:00:00,41.591446484500594,-103.61875995211865,4.58,9.4,36.4,0.46,15.4,102,4,63.2
2025-01-15 02:00:00,35.85434572718313,-90.74528733359543,0.93,17.1,15.3,4.61,12.3,42,3,27.7
2025-01-15 03:00:00,26.445854016275035,-87.6964070127477,0.68,7.9,40.6,2.36,13.4,94,6,60.7
2025-01-15 04:00:00,36.29039687792081,-124.22742706128831,2.05,9.8,68.9,2.48,17.9,16,9,51.2
2025-01-15 05:00:00,35.836794269514144,-85.85129505101408,3.28,10.6,11.0,4.57,12.0,96,1,46.3
2025-01-15 06:00:00,28.33004674775038,-114.49587795468466,5.71,10.7,11.8,5.53,13.0,31,0,25.7
2025-01-15 07:00:00,34.846291230949326,-68.29685126930215,4.86,13.0,35.2,5.72,4.0,92,0,61.2
2025-01-15 08:00:00,33.96261835993434,-116.22889906256634,4.96,17.3,85.0,3.55,10.0,84,0,87.3
2025-01-15 09:00:00,39.396252451305415,-100.5371767001056,3.05,8.1,61.8,2.27,14.6,84,4,71.6
2025-01-15 10:00:00,39.877341271691094,-119.96436958336001,2.58,6.6,62.7,4.77,6.1,39,9,57.3
2025-01-15 11:00:00,25.132600244301113,-66.18441914108911,2.73,7.6,35.8,1.66,4.8,22,6,33.3
2025-01-15 12:00:00,33.36531536566178,-95.37049439045668,6.43,16.5,55.5,3.47,7.0,55,1,60.4
2025-01-15 13:00:00,39.64649789285591,-89.87228397811742,0.74,13.4,5.9,2.28,5.6,5,9,8.2
2025-01-15 14:00:00,36.578406464502194,-121.04248783408278,5.7,8.7,59.1,4.01,5.1,85,7,73.8
2025-01-15 15:00:00,45.41224602970806,-80.7523322464485,3.97,15.6,82.6,1.59,9.1,49,3,71.8
2025-01-15 16:00:00,40.46734079047363,-112.61557000736045,3.13,16.2,57.1,1.31,18.2,101,2,74.3
2025-01-15 17:00:00,28.073360677035744,-72.01479692299789,4.85,16.0,79.3,5.53,10.6,36,9,68.5
2025-01-15 18:00:00,25.764218685010746,-112.89676121156158,3.42,16.9,66.5,0.79,4.6,108,7,83.0
2025-01-15 19:00:00,40.06048195515789,-113.74942448084367,5.74,8.3,15.2,3.13,2.5,63,1,38.3
2025-01-15 20:00:00,24.662782763540545,-122.8435695969624,5.9,14.8,81.7,1.48,14.2,114,2,96.2
2025-01-15 21:00:00,38.64438953183658,-97.14805023851005,3.03,11.0,10.6,0.43,8.3,53,2,28.5
2025-01-15 22:00:00,47.50575603562394,-91.67437313750563,2.16,15.9,50.4,0.41,16.6,71,9,59.0
2025-01-15 23:00:00,38.386854446896976,-121.1231902737272,4.05,14.5,17.1,1.22,13.5,104,0,51.8
2025-01-16 00:00:00,33.70424815516305,-79.24387061499438,5.97,15.1,6.0,5.23,16.1,48,5,29.1
2025-01-16 01:00:00,40.082205461058834,-98.25595874986637,1.76,13.5,40.9,1.84,6.2,98,1,62.4
2025-01-16 02:00:00,35.45632226228791,-94.06097410967277,4.24,7.3,30.1,5.71,14.2,114,0,65.5
2025-01-16 03:00:00,37.64041973289837,-98.99499793064454,4.29,12.1,46.3,3.57,6.0,10,1,36.9
2025-01-16 04:00:00,47.53662021941313,-101.35497940835577,4.9,17.8,54.1,2.73,18.8,87,5,70.0
2025-01-16 05:00:00,33.652565945019354,-91.98122045281514,1.29,17.2,8.7,3.56,13.1,48,3,25.7
2025-01-16 06:00:00,48.029764095597855,-115.84082549008797,4.79,5.6,15.5,3.2,7.2,20,5,22.7
2025-01-16 07:00:00,46.63376604890159,-114.266240300779,5.95,7.1,52.5,4.6,6.1,114,8,80.9
2025-01-16 08:00:00,28.89477836973241,-74.15464836020249,1.58,6.7,34.2,1.84,4.6,65,9,47.3
2025-01-16 09:00:00,25.734032521879136,-69.17918773411567,1.93,14.4,67.0,2.25,14.2,62,9,66.4
2025-01-16 10:00:00,26.519450034435668,-102.97475033949458,6.33,15.6,60.4,5.39,5.2,103,7,82.2
2025-01-16 11:00:00,24.455545641288744,-109.02606428453032,1.59,7.8,76.9,5.69,12.3,82,0,79.9
2025-01-16 12:00:00,26.36107401889821,-87.00402694889807,5.63,11.6,63.9,5.38,6.0,102,7,83.4
2025-01-16 13:00:00,41.07516933540892,-100.88468390521231,3.45,15.9,41.5,2.63,13.6,27,8,39.8
2025-01-16 14:00:00,25.779716211505725,-123.50220501603965,1.98,14.5,62.2,4.73,16.5,16,5,47.7
2025-01-16 15:00:00,31.974390757344032,-115.78699675539477,5.72,12.0,28.4,2.96,15.8,5,9,26.2
2025-01-16 16:00:00,45.12188277423637,-82.75763849800354,3.17,12.7,31.0,3.09,15.5,18,4,29.8
2025-01-16 17:00:00,24.581798393395648,-86.12348742730107,3.59,11.6,72.1,1.39,4.6,55,5,67.5
2025-01-16 18:00:00,44.36171206472339,-123.40133644229448,2.66,8.9,42.9,3.63,2.7,101,5,66.8
2025-01-16 19:00:00,31.046369369334997,-111.90364244595598,4.06,12.3,72.9,1.28,14.3,27,8,58.6
2025-01-16 20:00:00,26.954120690541405,-111.36658700130378,1.48,14.0,74.9,2.12,8.0,65,3,71.1
2025-01-16 21:00:00,41.41842913410377,-85.35832812767502,2.85,16.4,77.9,5.16,9.2,37,1,65.2
2025-01-16 22:00:00,39.7235711694971,-123.83707827249252,6.32,13.3,82.9,1.4,1.6,118,8,99.4
2025-01-16 23:00:00,45.936800338176326,-118.85759366291015,2.05,14.9,41.6,0.61,5.9,36,1,40.1
2025-01-17 00:00:00,42.37677609509714,-77.80495096298182,4.44,7.1,32.1,0.6,1.6,114,9,65.5
2025-01-17 01:00:00,44.08702325962122,-114.46586493879431,2.45,11.0,54.5,5.66,17.7,115,8,80.0
2025-01-17 02:00:00,31.050864314282663,-86.4879796367394,5.14,5.1,36.5,3.14,5.6,67,1,52.1
2025-01-17 03:00:00,28.43598859449307,-110.94721591824313,1.29,8.2,56.1,2.57,11.6,85,7,67.6
2025-01-17 04:00:00,42.76536879102146,-119.13295782719864,6.32,14.4,65.0,4.9,1.7,89,8,79.8
2025-01-17 05:00:00,44.1708684816816,-110.65284073103221,3.22,17.9,63.5,5.05,13.7,48,9,61.7
2025-01-17 06:00:00,48.76262855001683,-82.38625102051611,1.92,6.3,36.8,2.13,7.1,42,8,40.9
2025-01-17 07:00:00,34.315441922785666,-74.51390838172914,0.94,10.2,19.2,4.22,18.1,35,9,28.1
2025-01-17 08:00:00,33.30045214481958,-76.01702799054749,1.52,15.4,41.6,4.67,17.9,57,8,50.1
2025-01-17 09:00:00,43.41032401854992,-101.56617175251117,3.62,7.7,17.1,4.0,7.2,12,1,19.7
2025-01-17 10:00:00,32.52008850632545,-85.58297694233187,2.52,12.2,80.7,1.08,18.1,51,3,69.9
2025-01-17 11:00:00,47.26893314008912,-112.90592657046656,5.47,14.5,34.4,5.28,19.9,57,6,49.1
2025-01-17 12:00:00,45.4603187960753,-107.70428391460021,3.09,13.0,18.1,3.33,16.7,31,1,26.4
2025-01-17 13:00:00,34.72485068437546,-72.11618670725393,1.99,7.4,7.2,1.84,17.1,80,0,35.7
2025-01-17 14:00:00,42.771776694787434,-124.23288651286657,4.2,9.6,59.9,2.67,5.7,104,2,78.6
2025-01-17 15:00:00,42.86357185211706,-119.95499667958639,4.74,15.2,59.1,0.42,12.0,99,3,75.8
2025-01-17 16:00:00,26.578096720898316,-112.73471094638438,1.5,12.2,34.0,0.94,2.3,118,7,65.6
2025-01-17 17:00:00,46.56382266698917,-123.43459997144464,1.51,5.1,11.1,4.64,2.8,59,5,32.1
2025-01-17 18:00:00,36.63130931119643,-114.29530932970195,0.72,14.9,39.8,0.2,20.0,109,1,64.1
2025-01-17 19:00:00,44.66143665269354,-90.60054790278816,4.92,5.5,31.5,2.62,7.2,82,8,54.9
2025-01-17 20:00:00,32.00124002576529,-100.13595151504262,4.48,14.7,62.6,3.23,15.2,57,1,63.6
2025-01-17 21:00:00,46.388080712405014,-72.33236904645848,3.35,7.6,56.5,0.52,16.3,98,4,72.9
2025-01-17 22:00:00,33.73004196835408,-76.77082985743198,5.57,17.5,36.0,5.84,17.3,109,3,68.8
2025-01-17 23:00:00,24.27094128700746,-104.83277624982532,5.33,9.8,23.5,1.51,20.0,103,6,57.2
2025-01-18 00:00:00,46.63454941048159,-109.69401742755375,4.01,9.3,89.0,1.96,5.6,55,7,78.5
2025-01-18 01:00:00,26.28216691965334,-102.59814791813125,5.71,6.9,43.6,1.96,1.8,27,4,42.2
2025-01-18 02:00:00,31.982840939760372,-90.17259839162634,1.74,9.0,63.5,1.54,8.8,0,9,41.5
2025-01-18 03:00:00,47.751549176270125,-109.1842451914503,1.17,16.4,16.9,0.21,3.5,41,4,26.5
2025-01-18 04:00:00,47.7651786734389,-88.17521443690109,2.12,18.0,46.3,4.43,1.4,81,1,61.1
2025-01-18 05:00:00,38.335947203082156,-100.84471252071681,0.84,9.8,7.3,5.81,7.8,47,7,25.7
2025-01-18 06:00:00,39.79593030424498,-92.42921632973317,3.69,10.8,48.0,1.5,15.9,39,1,46.9
2025-01-18 07:00:00,35.21113804945799,-99.26853478101631,6.12,14.4,86.9,4.05,11.8,96,9,95.1
2025-01-18 08:00:00,31.330269292451614,-107.62652018702686,0.74,16.5,37.7,4.5,6.9,62,5,48.4
2025-01-18 09:00:00,32.2166136342479,-69.04125488923276,1.23,12.7,8.3,5.12,13.4,75,7,36.4
2025-01-18 10:00:00,40.81296140192596,-79.9472581445741,3.21,10.1,7.6,2.65,5.4,71,5,34.8
2025-01-18 11:00:00,42.809363235942,-116.7333226297793,6.1,10.4,38.0,1.96,1.3,87,3,60.7
2025-01-18 12:00:00,43.78947609314621,-73.76038942202314,2.4,14.0,18.6,2.09,15.5,79,3,43.1
2025-01-18 13:00:00,43.740453569863845,-96.24155930327869,3.54,5.0,7.0,4.33,12.9,113,5,50.6
2025-01-18 14:00:00,26.280152576217258,-72.2214186132486,0.75,13.1,69.3,4.94,15.5,3,3,46.1
2025-01-18 15:00:00,36.36050761756454,-77.80853989910841,1.39,9.6,44.0,1.25,1.7,37,7,42.4
2025-01-18 16:00:00,25.438969000416108,-99.91240323631523,6.42,15.3,29.6,2.35,16.9,107,8,63.9
2025-01-18 17:00:00,37.738222058093385,-123.67431080911308,6.29,6.2,81.5,5.43,12.8,26,0,66.3
2025-01-18 18:00:00,35.03826253433442,-109.14803579628818,0.53,12.6,14.9,4.88,11.7,8,3,15.0
2025-01-18 19:00:00,46.19260456895749,-93.04358133500885,6.21,11.3,86.3,5.91,12.9,110,3,100.0
2025-01-18 20:00:00,32.77287531380197,-87.62478503025731,4.33,13.4,31.7,4.57,17.4,15,1,30.4
2025-01-18 21:00:00,26.926675410690148,-109.78462655944107,5.71,5.8,80.5,2.48,12.2,55,5,74.8
2025-01-18 22:00:00,27.574792051320898,-116.77799162970338,3.23,12.5,56.3,3.63,12.0,75,2,65.6
2025-01-18 23:00:00,43.03776579293681,-75.73911602884135,3.59,12.3,75.3,4.03,19.8,30,6,61.8
2025-01-19 00:00:00,39.45545158290653,-66.92027133849042,3.43,12.3,88.6,0.66,15.4,87,4,88.3
2025-01-19 01:00:00,26.528066903069757,-93.98427924414153,4.5,12.8,29.5,3.36,9.4,118,3,66.1
2025-01-19 02:00:00,26.102670152874936,-114.87092213495009,1.34,13.8,86.7,4.31,14.4,13,4,60.5
2025-01-19 03:00:00,41.524228286478,-108.93386773535724,0.68,15.5,38.1,1.17,8.4,108,7,63.8
2025-01-19 04:00:00,25.819075159104838,-123.91495008369947,2.35,8.5,37.8,4.73,5.3,24,2,35.9
2025-01-19 05:00:00,44.546501482258904,-71.05637041293056,4.73,15.7,33.9,3.59,12.3,33,6,38.7
2025-01-19 06:00:00,41.65605567891241,-118.05268610948167,1.71,11.5,51.0,5.72,18.6,66,5,59.3
2025-01-19 07:00:00,26.033719516047494,-90.98552794465904,4.54,6.0,18.1,0.45,18.7,23,0,23.2
2025-01-19 08:00:00,26.120942852129797,-108.83074197945484,6.32,5.8,52.1,1.74,7.5,117,6,80.4
2025-01-19 09:00:00,48.66598946252938,-92.30349785156818,1.06,9.3,51.0,3.69,11.0,105,6,71.9
2025-01-19 10:00:00,33.35676989390301,-86.56619708724001,4.54,15.2,69.8,1.92,5.0,72,0,72.7
2025-01-19 11:00:00,33.26605367667227,-76.04523358127511,3.16,14.2,75.9,4.34,19.9,25,8,60.4
2025-01-19 12:00:00,44.31998918143756,-112.82114496612441,5.71,15.3,42.4,4.6,19.6,19,5,40.0
2025-01-19 13:00:00,47.68121443459647,-124.35124610914966,1.56,11.7,30.7,0.79,13.3,63,1,43.0
2025-01-19 14:00:00,48.650026595571774,-116.92374782594037,4.66,10.7,27.0,3.18,16.3,103,4,59.3
2025-01-19 15:00:00,42.83445463147354,-71.8989001309618,5.53,6.9,21.5,3.15,14.6,9,3,22.7
2025-01-19 16:00:00,33.406489638272895,-73.4404854238116,6.17,9.3,9.9,2.34,12.3,82,6,42.6
2025-01-19 17:00:00,26.08751791746672,-89.75262697195181,4.6,10.6,34.1,5.61,2.0,66,7,51.7
2025-01-19 18:00:00,43.42867289818592,-89.56950523441445,3.48,6.2,28.0,5.0,9.6,23,0,30.5
2025-01-19 19:00:00,37.960106243395124,-85.76283620177092,4.21,7.9,87.1,4.24,13.8,4,4,59.9
2025-01-19 20:00:00,34.605550231174405,-114.65309456121648,5.71,12.8,52.4,4.34,13.9,66,2,62.4
2025-01-19 21:00:00,46.6588596273684,-71.04969519042737,3.92,14.6,34.5,2.88,8.1,57,0,46.0
2025-01-19 22:00:00,26.779937057653783,-100.29253903136768,0.68,18.0,54.3,5.54,18.9,26,2,45.5
2025-01-19 23:00:00,36.31562760727148,-102.39482683327965,6.09,17.1,16.8,4.23,4.2,79,5,46.4
2025-01-20 00:00:00,24.283841119185478,-94.38385538831258,4.64,13.4,42.7,4.43,10.5,112,6,72.8
2025-01-20 01:00:00,35.716516049853155,-122.22900796027176,4.56,10.5,58.2,5.2,14.1,14,7,47.2
2025-01-20 02:00:00,25.407581892045933,-115.18928124339132,1.79,13.3,46.6,1.79,14.2,34,3,43.0
2025-01-20 03:00:00,26.9704479067018,-81.45601663084415,4.45,15.2,39.2,4.88,13.3,75,2,57.0
2025-01-20 04:00:00,26.93815616942762,-120.11487859241754,2.86,6.5,89.5,1.33,6.2,104,4,94.9
2025-01-20 05:00:00,40.23025755290159,-89.4140255414831,4.41,10.3,79.8,2.2,4.0,52,8,72.5
2025-01-20 06:00:00,42.65112198163558,-110.52440252880206,1.14,15.9,58.0,2.15,13.1,43,5,53.0
2025-01-20 07:00:00,38.584219127428995,-102.03155877152338,4.45,10.0,53.4,5.88,12.4,25,8,48.7
2025-01-20 08:00:00,48.05431371186354,-107.9670695305287,6.5,12.4,57.8,5.17,4.4,46,5,59.9
2025-01-20 09:00:00,33.3717644880926,-104.015309728568,0.79,12.6,22.1,4.27,14.4,33,1,28.0
2025-01-20 10:00:00,31.142802157046518,-82.57629159412951,6.36,7.4,38.6,4.42,9.6,86,4,62.2
2025-01-20 11:00:00,45.71497820473651,-107.46981877823268,2.94,9.7,8.4,3.46,13.7,94,8,44.1
2025-01-20 12:00:00,29.589895962986315,-91.58212622248307,5.72,9.3,45.4,5.69,16.9,49,7,53.4
2025-01-20 13:00:00,48.08056348601528,-96.91302627025311,5.19,5.3,51.2,3.08,4.2,83,6,67.3
2025-01-20 14:00:00,24.30386186724541,-85.84340124360375,3.9,5.3,24.4,2.41,1.4,11,0,23.1
2025-01-20 15:00:00,48.246970667690974,-69.72704537983927,4.93,15.8,86.9,1.15,15.8,86,3,88.3
2025-01-20 16:00:00,25.0789977987644,-81.77824626459523,5.77,8.5,82.3,4.76,12.6,3,6,58.4
2025-01-20 17:00:00,46.27857784245178,-112.31851766314534,2.92,11.7,66.4,4.46,14.3,86,6,76.3
2025-01-20 18:00:00,37.1925277271575,-123.1601950313842,2.46,8.9,50.3,2.43,16.9,47,5,51.0
2025-01-20 19:00:00,48.82411990298251,-109.52642138631032,4.51,17.2,78.9,0.35,16.3,54,7,71.7
2025-01-20 20:00:00,25.84491411838497,-89.89040208868497,5.35,8.4,16.1,5.07,19.3,111,5,57.3
2025-01-20 21:00:00,37.84635711003302,-121.96587700442923,5.07,10.6,72.2,0.27,11.2,0,9,48.9
2025-01-20 22:00:00,48.23256339047747,-95.71439141512705,5.29,16.3,15.6,4.28,10.3,117,2,58.3
2025-01-20 23:00:00,37.077446104253724,-89.78627191390353,3.11,15.9,72.5,5.83,8.6,88,3,81.1
2025-01-21 00:00:00,39.73496595338156,-105.2796104417993,5.41,7.4,28.4,2.74,3.9,65,2,46.6
2025-01-21 01:00:00,41.39371722461543,-79.5161799789965,1.22,15.4,79.6,1.56,11.9,29,0,60.1
2025-01-21 02:00:00,35.36352661919433,-118.71070306510747,3.77,11.0,85.2,4.29,6.3,2,9,58.3
2025-01-21 03:00:00,39.68895200210159,-120.56687087758728,0.53,11.3,17.6,4.94,18.5,20,4,21.1
2025-01-21 04:00:00,38.607857798077504,-82.0368633839874,2.45,6.7,44.3,3.37,12.1,88,0,62.1
2025-01-21 05:00:00,46.52895026227472,-95.76601234383429,2.7,6.0,88.4,5.81,12.3,83,0,88.2
2025-01-21 06:00:00,25.136159508536448,-84.38425861076357,2.88,14.5,46.1,0.5,7.7,48,1,47.8
2025-01-21 07:00:00,31.024079739805757,-99.34518702237898,4.67,11.5,78.4,3.13,2.0,115,3,94.4
2025-01-21 08:00:00,47.76028710191397,-110.4622800388927,2.83,10.7,55.0,4.37,1.6,85,5,68.8
2025-01-21 09:00:00,46.25659459727291,-76.67296325722222,3.19,14.5,36.9,5.2,9.0,84,7,58.5
2025-01-21 10:00:00,35.39141881964282,-77.83446314083022,1.93,15.0,29.3,1.24,2.6,61,2,42.1
2025-01-21 11:00:00,39.50331494503842,-84.01290821958882,2.74,7.1,22.3,4.84,12.5,96,0,52.7
2025-01-21 12:00:00,30.934529574528316,-108.9434369034322,1.86,12.9,69.8,3.41,17.7,115,2,86.9
2025-01-21 13:00:00,28.703028993094033,-90.17639065472386,0.94,6.8,37.9,2.5,17.8,37,2,38.4
2025-01-21 14:00:00,35.592460123499556,-103.70254008053843,4.12,14.8,48.5,0.96,13.5,14,4,38.6
2025-01-21 15:00:00,32.83380570065132,-119.59665767372859,4.51,13.5,46.8,5.22,5.0,109,3,74.1
2025-01-21 16:00:00,38.5914027962718,-70.87849904772767,4.22,17.4,54.1,1.11,17.4,51,3,55.4
2025-01-21 17:00:00,25.94336592412462,-116.92770077578128,3.28,5.9,78.6,2.0,17.8,78,8,80.1
2025-01-21 18:00:00,48.35987019165417,-68.93599612457265,2.78,5.7,88.4,1.88,4.7,45,6,73.3
2025-01-21 19:00:00,48.65526861199007,-98.68565939548061,5.68,8.7,39.6,5.25,15.0,24,3,40.1
